Behavioural Science,Genetics,Biology,Neurology,Medical Imaging,Immunology & Inflammation,Epidemiology,Radiology,Neurodegenerative Diseases,Global Population & Public Health,Clinical & Movement Neurosciences,Neurodegenerative Diseases,Neuroscience ,Cardiology,Clinical & Educational & Experimental & Health Psychology,Ophthalmology,Sports & Exercise Medicine,Statistics,Sociology
autonomic nervous system diseases,animals,adolescent,brain mapping,gray matter,aduly,Applied Psychology,Psychiatry and Mental Health,Alzheimer Disease,adult,adult,Alzheimer Disease,Association,Adult,Adult,Caffeine,Acute-Phase Reaction,Age Factors,Adult
blood pressure,caloric restriction,adult,neuropsychological tests,human development,age factors,adult,adult,atrophy,aged,biogenic monoamines,Atrophy,Body Image,Aging,Aged,Choroideremia,Aged,Aged,Aging
blood pressure determination,cell differentiation,age factors,Psychomotor Performance,longitudinal studies,aged,aged,aged,consensus,cardiovascular disease,humans,Consensus,Brain,Body Surface Potential Mapping,80 and over,Codon,Aging,Chronic Disease,Child
humans,cell nucleus,aged,reaction time,magnetic resonance imaging,80 and over,chronic disease,atrophy,delphi technique,cause of death,brain,Delphi Technique,Humans,Contrast Media,Caregivers,Nonsense,Blood Coagulation,Exercise,Preschool
dementia,drosophila melanogaster,aging,reactive inhibition,models,aging,cohort studies,brain,hippocampus,cigarette smoking,likelihood functions,Hippocampus,Models,Female,Cross-Sectional Studies,Fibroblasts,C-Reactive Protein,Female,Cohort Studies
cardiology,drosophila proteins,female,smartphone,neurological,sntigens,enzyme-linked immunosorbent assay,brain mapping,humans,death certificates,models,Humans,Neurological,Healthy Aging,Dementia,Gene Expression Regulation,Cardiovascular Diseases,Finland,Disease Management
cardiovascular medicine,enterocytes,humans ,video games,multivariate analysis,CD27,female,dementia,image processing,educational status,theoretical ,Image Processing,Neurons,Heart,England,Genotype,England,Geriatric Assessment,female
Aged,female,male,active inference,prefrontal cortex,antigens,health status indicators,female,computer-assisted,female,uncertainty,Computer-Assisted,Prejudice,Humans,Female,Humans,Exercise,Healthy Aging,Humans
80 and over,food,middle aged,bayesian inference,puberty,CD45,humans,frontotemporal dementia,imaging,health surveys,Neuroscience (all),imaging,Self Concept,Image Interpretation,Humans,Male,female,Healthy Lifestyle,Liver Transplantation
Cohort Studies,forkhead transcription factors,sex factors,epistemic value,young adult,Asian continental ancestry group,interleukin-6,gray matter,three-dimensional,humans,biochemistry,Three-Dimensional,Experimental and Cognitive Psychology,Computer-Assisted,Interviews as Topic,Middle Aged,Fibrinogen,Humans,Male
Economic Status,insulin,young adult,information gain,brain connectivity,biomarkers,male,image interpretation,internationality,hypertension,Genetics and Molecular Biology (all),Internationality,Language and Linguistics,Magnetic Resonance Imaging,London,Mutation,Follow-Up Studies,Life Expectancy,Pediatrics
Educational Status,insulin receptor substrate proteins,,salience,high dimensional datasets,CD8-Positive T-Lymphocytes,middle aged,computer-assisted,magnetic resonance imaging,male,Immunology and Microbiology (all),Magnetic Resonance Imaging,Developmental and Educational Psychology,Cine,male,Nonsense Mediated mRNA Decay,humans,male,Qualitative Research
England,intestinal absorption,,visual search,partial least square,cell aging,remission induction,lewy body disease,neuroimaging,middle aged,Agricultural and Biological Sciences (all),Neuroimaging,Cognitive Neuroscience,Male,Middle Aged,Oxadiazoles,Inflammation,Middle Aged,Social Identification
Female,intestines,,autonomic nervous system,regularisation,cell differentiation,stress,magnetic resonance imaging,Epidemiology,neoplasms,animals,Aged,,Middle Aged,Peer Group,Phenotype,Leukocytes,Occupations,Survivors
Follow-Up Studies,longevity,,humans,spare PLS,cell proliferation,psychological,male,Cellular and Molecular Neuroscience,population surveillance,cell line,Female,,Myocardium,Qualitative Research,Pluripotent Stem Cells,Longitudinal Studies,Progression-Free Survival,United Kingdom
Humans,membrane transport proteins,,models,tuning parameter,cells,united kingdom,middle aged,Health Policy,proportional hazards models,,Functional Laterality,,Phantoms,Social Support,"Retinal Pigment Epithelium,",Middle Aged,Protective Factors,Health (social science)
Incidence,nuclear proteins,,theoretical,adolescent,cytokines,Psychiatry and Mental Health,organ size,Developmental Neuroscience ,prospective studies,Drosophila Proteins,Internet,,imaging,"Surveys and Questionnaires,Volunteers",RNA Helicases,male,Risk Assessment,History and Philosophy of Science
Longitudinal Studies,oxidative stress,,psychophysiology,adult,cytomegalovirus,80 and over,Presenilin-1,Neurology (clinical),risk factors,Fibroblasts,Male,,Predictive Value of Tests,Social Sciences (miscellaneous),RNA,Prospective Studies,Risk Factors,Arts and Humanities (all)
Male,phosphorylation,,adolescent ,child,Cytomegalovirus Infections,depression,Retrospective Studies,Geriatrics and Gerontology ,united kingdom,Gene Knockout Techniques,Middle Aged,,Sex Factors,Sociology and Political Science,Messenger,Risk Factors,Risk Reduction Behavior,Psychology (all)
Proportional Hazards Models,protein binding ,,adult,neurology,European Continental Ancestry Group,Interpersonal Relations,tau Proteins,Psychiatry and Mental Health,anorexia,Group VI Phospholipases A2,Neuroimaging,,Aged,Health Policy,Small Interfering,Sedentary Lifestyle,Sex Factors,Social Sciences (all)
Socioeconomic Factors,protein transport,,age factors,cognitive neuroscience,Flow Cytometry,Longitudinal Studies,TDP-43 Proteinopathies,Cellular and Molecular Neuroscience,C-Reactive Protein,Group X Phospholipases A2,Organ Size,,80 and over,Public Health,Trans-Activators,Television,Time Factors,
Neuropsychological Tests,Proto-Oncogene proteins c-akt,,male,computer vision and patter recognition,humans,Perception,white matter,aged,Case-Control Studies,Lipid Peroxidation,Reproducibility of Results,,Arthroplasty,Environmental and Occupational Health,Molecular Biology,Cross-Sectional Studies,Adult,
Risk Factors,sirolimus,,female,radiology,immunophenotyping,Prospective Studies,Alzheimer Disease,Brain,Cross-Sectional Studies,Mass Spectrometry,Aged,,Replacement,Animals,Genetics,Depression,Educational Status,
twins,Somatomedins,,executive function,nuclear medicine and imaging,london,Residence Characteristics,surgery,Brain Diseases,depression,Membrane Potential,Brain,,Hip,Cerebral Cortex,Genetics (clinical),Health Status,Employment,
aging,Transcription,,biochemistry,behavioural neuroscience,Lymphocyte Activation,Social Environment,neurology (clinical),Female,fatigue,Mitochondrial,Brain Diseases,,Heart Failure,Cognition,,Longitudinal Studies,Female,
cognition,Genetic,,genetics and molecular biology,neurology,Phenotype,england,Psychiatry and Mental Health,Hematologic Tests,female,Microscopy,Hematologic Tests,,Hip Prosthesis,Connectome,,Mental Health,Finland,
survival analysis,Up-regulation,,neuroscience,cellular and molecular neuroscience,singapore,poland,case-control studies,Incidental Findings,humans,Fluorescence,Incidental Findings,,Hospitalization,intelligence,,Middle Aged,france,
frailty,Caenorhabditis elegans,,cellular and molecular neuroscience,,Telomere,czech republic,,London,illness behavior,Mitochondria,Magnetic Resonance Imaging,,Medical Record Linkage,Macaca,,Personal Satisfaction,Health Status,
sweden,Caenorhabditis elegans Proteins,,Agricultural and Biological Sciences,,Telomere Shortening,Russia,,Magnetic Resonance Imaging,aged,Neurodegenerative Diseases,London,,Metal-on-Metal Joint Prostheses,Magnetic Resonance Imaging,,Residence Characteristics,Proportional Hazards Models,
middle aged,factors,,exercise,adolescent,young adult,Social Networking,,Male,80 and over,Oxidative Stress,Alzheimer Disease,,Prosthesis Design,Neural Pathways,,Adolescent,Prospective Studies,
self evaluation,insulin,,hippocampus,adult,aging,Social Support,,Neuroimaging,cohort studies,Reverse Transcriptase Polymerase Chain Reaction,Atrophy,,Registries,Young Adult,,Adult,Retirement,
logistic models,neurons,,memory,association learning,animals,Body Mass Index,,Prevalence,dementia,Neurology,Brain Mapping,,Retrospective Studies,Adolescent,,African Continental Ancestry Group,Socioeconomic Factors,
Multivariate Analysis,phenotype,,Memory Disorders,behavior,cell aging,Body Weight,,Prospective Studies,economic status,Neurology (clinical),Case-Control Studies,,Risk Factors,Adolescent Behavior,,Asian Continental Ancestry Group,United Kingdom,
Retrospective Studies,Signal Transduction,,Neuronal Plasticity,evoked potentials,humans,Cholesterol,,Medicine (all),england,,Dementia,,United Kingdom,Affect,,Child,United States,
geriatric assessment,Somatomedins,,Arthritis,female,immunity,HDL,,animals,follow-up studies,,Frontotemporal Dementia,,Radiology,Choice Behavior,,China,Aging,
cognitive reserve,transcriptome,,Rheumatoid,humans,immunization,Cholesterol,,brain,incidence,,Gray Matter,,Nuclear Medicine and Imaging,Computational Biology,,Chronic Disease,Geriatrics and Gerontology,
vision disorders,chronic disease,,Autoimmune Diseases,magneto encephalography,Signal Transduction,LDL,,gene expression regulation,longitudinal studies,,Image Interpretation,,Cardiology and Cardiovascular Medicine,Decision Making,,Cross-Cultural Comparison,Public Health,
memory,down-regulation,,Celiac Disease,male,T-Lymphocytes,Diabetes Mellitus,,models,socioeconomic factors,,Presenilin-1,,Surgery,Intelligence,,Diabetes Mellitus,Environmental and Occupational Health,
Geriatrics and Gerontology,health status,,Colitis,memory,AMP-Activated Protein Kinases,Type 2,,genetic,hearing loss,,Lewy Body Disease,,Orthopedics and Sports Medicine,Longitudinal Studies,,European Continental Ancestry Group,,
Psychiatry and Mental Health,humans,,Ulcerative,multivariate analysis,female,Genetic Testing,,Nerve Tissue Proteins,Insulin-Like Growth Factor,,tau Proteins,,cognition,Models,,Japan,,
Neurology (clinical),mice,,Crohn Disease,photic stimulation,killer cells,Hydroxymethylglutaryl CoA Reductases,,Neurodegenerative Diseases,odds ratio,,TDP-43 Proteinopathies,,cognitive dysfunction,Psychological,,Latin America,,
Activities of Daily Living,models,,Diabetes Mellitus,task performance and analysis,natural,Polymorphism,,Untranslated,biomarkers,,White Matter,,diabetes mellitus,Psychometrics,,Life Style,,
disabled persons,biological,,Type 1,time factors,receptors,Single Nucleotide,,RNA,Cardiovascular Diseases,,80 and over,,type 2,Task Performance and Analysis,,Menarche,,
self report,proto-Oncogene Proteins c-myc,,Genetic Loci,young adult,male,Randomized Controlled Trials as Topic,,Neuroscience (all),Cause of Death,,aging,,Glycated Hemoglobin A,Neuroscience (all),,Menopause,,
surveys and questionnaires,molecular biology,,Genetic Pleiotropy,immunology and microbiology,NK Cell Lectin-Like,Risk Factors,,Arthritis,England,,Amyloid beta-Peptides,,Hypoglycemic Agents,Ecology,,Middle East,,
epidemiology,developmental biology,,Genetic Predisposition to Disease,biochemistry,Immunology,Age Factors,,Rheumatoid,health behavior,,Autopsy,,Insulin Resistance,Evolution,,Observational Studies as Topic,,
public health,cell biology,,Genome-Wide Association Study,genetics and molecular biology (all),collagen,Alcohol Drinking,,Autoimmune Diseases,scotland,,Biological Markers,,Memory,Behavior and Systematics,,Prevalence,,
Environmental and Occupational Health,biochemistry,,Multiple Sclerosis,neuroscience (all),elastin,Cross-Sectional Studies,,Celiac Disease,Substance-Related Disorders,,Peptide Fragments,,Middle Aged,Modeling and Simulation,,Reproductive Health,,
,physiology,,Parkinson Disease,aging,Extracellular Matrix,logistic models,,Colitis,Obesity,,Plaque,,Asia,Molecular Biology,,Women's Health,,
,endocrinology,,Psoriasis,brain,Protein Processing,health status,,Ulcerative,overweight,,amyloid,,Southeastern,Genetics,,Age Factors,,
,diabetes and metabolism,,Risk Factors,brain diseases,Post-Translational,odds ratio,,Crohn Disease,Evidence-Based Practice,,spectrometry,,Asian Continental Ancestry Group,Cellular and Molecular Neuroscience,,Coronary Disease,,
,bayes theorem,,Neurology (clinical),Central Nervous System,horses,mortality,,Diabetes Mellitus,psychology,,mass,,Coronary Disease,Computational Theory and Mathematics,,Sex Factors,,
,blood pressure,,Analysis of Variance,image processing,tendons,proportional hazards models,,Type 1,europe,, Matrix-Assisted Laser Desorption-Ionization,,Coronary Vessels,,,Socioeconomic Factors,,
,global health,,Case-Control Studies,Computer-Assisted,Glycosylation End Products,socioeconomic factors,,Genetic Loci,asia,,Temporal Lobe,,Cross-Sectional Studies,,,Stroke,,
,prevalence,,Choice Behavior,Neuroimaging,Advanced,incidence,,Genetic Pleiotropy,Observational Studies as Topic,,Clinical Trials as Topic,,England,,,Work Schedule Tolerance,,
,risk factors,,Deep Brain Stimulation,adult,Hydrogen Bonding,Population Surveillance,,Genetic Predisposition to Disease,risk assessment,,Health Personnel,,European Continental Ancestry Group,,,Cohort Studies,,
,activities of daily living,,Motivation,aged,chemical,Sex Factors,,Genome-Wide Association Study,work schedule tolerance,,Health Policy,,Medical History Taking,,,Enzyme-Linked Immunosorbent Assay,,
,age factors,,Parkinson Disease,80 and over,models,Scandinavian and Nordic Countries,,Multiple Sclerosis,Medicine (all),,Health Services Accessibility,,Vascular Calcification,,,Health Status Indicators,,
,aged,,Reaction Time,biomarkers,molecular,Smoking,,Parkinson Disease,psychiatry and mental health,,Referral and Consultation,,Bayes Theorem,,,Interleukin-6,,
,arthritis,,Reward,cognition,molecular conformation,stroke,,Psoriasis,multidisciplinary,,United Kingdom,,Blood Pressure,,,Remission Induction,,
,Decision Support Techniques,,Subthalamic Nucleus,Epigenesis,water,china,,Risk Factors,epidemiology,,Surgery,,Global Health,,,Stress,,
,Disability Evaluation,,Treatment Outcome,Genetic,Biomarkers,Asian Continental Ancestry Group,,80 and over,applied psychology,,Neurology (clinical),,Prevalence,,,Psychological,,
,Disabled Persons,,caudate nucleus,Epigenomics,Cell Shape,educational status,,brain,public health,,Psychiatry and Mental Health,,Risk Factors,,,United Kingdom,,
,geriatric assessment,,image processing,machine learning,Cyclooxygenase 2,European Continental Ancestry Group,,Cerebrovascular Circulation,Environmental and Occupational Health,,Neurology,,Adiposity,,,Accelerometry,,
,incidence,,Computer-Assisted,middle aged,In Vitro Techniques,Surveys and Questionnaires,,Cognitive Dysfunction,endocrinology,,Cognitive Neuroscience,,African Continental Ancestry Group,,,Biological Specimen Banks,,
,logistic models,,Impulsive Behavior,brain,Inflammation,registries,,Cohort Studies,Evidence-Based Practice,,,,Cognition Disorders,,,brain,,
,male,,Magnetic Resonance Imaging,Cellular Senescence,Interleukin-6,risk assessment,,Delirium,Diabetes and Metabolism,,,,Comorbidity,,,Correlation of Data,,
,Motor Activity,,Prefrontal Cortex,Neurodegenerative Diseases,Matrix Metalloproteinase 13,survival rate,,Disease Progression,age of onset,,,,Depression,,,Cardiology and Cardiovascular Medicine,,
,Multivariate Analysis,,Corpus Striatum,Neuropsychiatry,Matrix Metalloproteinases,cognition disorders,,lewy bodies,cardiovascular diseases,,,,india,,,Health (social science),,
,Odds Ratio,,Cues,Telomere Homeostasis,stress,cardiovascular diseases,,Mental Status Schedule,menopause,,,,pakistan,,,Sociology and Political Science,,
,Predictive Value of Tests,,Dopamine,DNA Methylation,mechanical,Neuropsychological Tests,,Neurofibrillary Tangles,premenopause,,,,social class,,,Life-span and Life-course Studies,,
,Prospective Studies,,Dopamine Agents,Geriatric Assessment,Orthopedics and Sports Medicine,Regression Analysis,,Plaque,coronary disease,,,,sri lanka,,,Biochemistry,,
,Sedentary Lifestyle,,Levodopa,Geriatrics,Physical Therapy,age distribution,,Amyloid,diabetes mellitus,,,,west indies,,,Genetics and Molecular Biology (all),,
,Time Factors,,Reversal Learning,Leukocytes,Sports Therapy and Rehabilitation,Activities of Daily Living,,Chromatography,quality of life,,,,clinical protocols,,,Obstetrics and Gynecology,,
,United Kingdom,,Thalamus,Neuroscience (all),biomedical engineering,self report,,Liquid,stroke,,,,delirium,,,Medicine (all),,
,ABO Blood-Group System,,Anticipation,Molecular Biology,biochemistry,80 and over,,Genome-Wide Association Study,adolescent,,,,geriatric assessment,,,Applied Psychology,,
,DNA Replication,,Pyschological,Psychiatry and Mental Health,molecular biology,Least-Squares Analysis,,Immunoprecipitation,African Continental Ancestry Group,,,,inpatients,,,Psychiatry and Mental Health,,
,Erythrocytes,,Decision Making,Cellular and Molecular Neuroscience,cell biology,life style,,Neurodegenerative Diseases,Asian Continental Ancestry Group,,,,population health,,,Internal Medicine,,
,Ethnic Groups,,Neostriatum,Aging,cancer research,memory,,Phenotype,Cross-Cultural Comparison,,,,Prognosis,,,Orthopedics and Sports Medicine,,
,Europe,,Probability Learning,Cell Biology,biotechnology,memory and learning tests,,Proteomics,Cross-Sectional Studies,,,,Prospective Studies,,,Physical Therapy,,
,Genome-Wide Association Study,,Receptors,brain mapping,biomaterials,museums,,Tandem Mass Spectrometry,ancestry group,,,,Time Factors,,,Sports Therapy and Rehabilitation,,
,polymorphism,,Dopamine D1,executive function,Autoantibodies,cognition,,derilium,European Continental Ancestry Group,,,,Medical Record Linkage,,,Epidemiology,,
,Single Nucleotide,,Sweden,Neuropsychological Tests,Autoantigens,cognitive dysfunction,,Cell Line,Japan,,,,Metal-on-Metal Joint Prostheses,,,Public Health,,
,Quantitative Trait Loci,,Young Adult,Psychomotor Performance,Myositis,culture,,Drosophila melanogaster,Latin America,,,,Arthroplasty,,,Environmental and Occupational Health,,
,Aging,,cognitive neuroscience,Reaction Time,Polymorphism,depressive disorder,,Drosophila Proteins,Life Style,,,,Replacement,,,Endocrinology,,
,Genetics and Molecular Biology (all),,clinical psychology,Reactive Inhibition,Single Nucleotide,Psychiatric Status Rating Scale,,Fibroblasts,menarche,,,,hip,,,Diabetes and Metabolism,,
,Geriatrics and Gerontology,,Immunology and Microbiology (all),Sex Factors,Protein Interaction Mapping,social behvior,,Gene Knockout Techniques,prevalence,,,,Heart Failure,,,Medicine (miscellaneous),,
,Agricultural and Biological Sciences (all),,Genetics and Molecular Biology (all),Smartphone,Protein Interaction Maps,public health,,Group VI Phospholipases A2,women's health,,,,Hip Prosthesis,,,Nutrition and Dietetics,,
,Chemistry (all),,5'-Nucleotidase,Video Games,Rheumatology,environmental and occupational health,,Group X Phospholipases A2,body mass index,,,,energy metabolism,,,,,
,cell line,,autoantibodies,Experimental and Cognitive Psychology,Immunology and Allergy,Psychiatry and Mental Health,,Lipid Peroxidation,Body Weight,,,,exercise,,,,,
,fibroblasts,,dermatomyositis,Language and Linguistics,Immunology ,Area Under Curve,,Mass Spectrometry,Cholesterol,,,,sedentary lifestyle,,,,,
,Gene Knockout Techniques,,Lupus Erythematosus,Developmental and Educational Psychology,Case-Control Studies,Cell Transformation,,Membrane Potential,HDL,,,,motor activity,,,,,
,Group VI Phospholipases A2,,Systemic,Linguistics and Language,Lupus Erythematosus,Neoplastic,,Mitochondrial,Cholesterol,,,,scotland,,,,,
,Group X Phospholipases A2,,Inclusion Body,Cognitive Neuroscience,Systemic,CpG Islands,,Microscopy,LDL,,,,wales,,,,,
,lipid peroxidation,,Myositis,Choice Behavior,Lupus Vasculitis,DNA Methylation,,Fluorescence,type 2,,,,80 and over,,,,,
,Membrane Potential,,Inclusion Body,Judgment,Central Nervous System,Epithelial Cells,,Mitochondria,polymorphism,,,,Internal Medicine,,,,,
,Mitochondrial,,Neuromuscular Diseases,social perception,middle aged,Genetic Testing,,Oxidative Stress,Single Nucleotide,,,,Endocrinology,,,,,
,Microscopy,,Polymyositis,aggression,nucleosomes,Genome-Wide Association Study,,Reverse Transcriptase Polymerase Chain Reaction,Randomized Controlled Trials as Topic,,,,Diabetes and Metabolism,,,,,
,Fluorescence,,ROC Curve,altruism,retrospective studies,Mouth Mucosa,,Age of Onset,Diet,,,,Cardiology and Cardiovascular Medicine,,,,,
,Mitochondria,,Scleroderma,citalopram,Communicable Diseases,neoplasms,,Amyotrophic Lateral Sclerosis,Diet Records,,,,Mediciendne (all),,,,,
,Neurodegenerative Diseases,,Sensitivity and Specificity,decision making,Electronic Health Records,Glandular and Epithelial,,"C9orf72 Protein,CpG Islands",Follow-Up Studies,,,,Applied Psychology,,,,,
,Oxidative Stress,,Sjogren's Syndrome,dopamine,HIV Infections,Predictive Value of Tests,,DNA Methylation,logistic models,,,,Psychiatry and Mental Health,,,,,
,Reverse Transcriptase Polymerase Chain Reaction,,autoantigens,dopamine agents,Hospital Mortality,ROC Curve,,expression regulation,micronutrients,,,,Geriatrics and Gerontology,,,,,
,Amyotrophic Lateral Sclerosis,,polymorphism,Double-Blind Method,Hospitalization,finland,,Frontotemporal Dementia,ratio,,,,Orthopedics and Sports Medicine,,,,,
,C9orf72 Protein,,single nucleotide,Levodopa,life expectancy,social class,,single nuclotide,reproductive health,,,,Biochemistry,,,,,
,Drosophila,,protein interaction mapping,Morals,malawi,adolescent,,genotype,ovarian diseases,,,,Genetics and Molecular Biology (all),,,,,
,Drug Discovery,,protein interaction maps,Serotonin,prospective studies,birth weight,,Biochemistry,smoking,,,,Agricultural and Biological Sciences (all),,,,,
,Frontotemporal Dementia,,immunology and allergy,Serotonin Uptake Inhibitors,Genetics and Molecular Biology (all),Follow-Up Studies,,Genetics and Molecular Biology (all),Smoking Cessation,,,,Multidisciplinary,,,,,
,G-Quadruplexes,,immunology,Decision-making,Agricultural and Biological Sciences (all),Health Surveys,,Amyotrophic Lateral Sclerosis,time factors,,,,Physiology,,,,,
,Repetitive Sequences,,Genetics and Molecular Biology (all),Feedback evaluation,,Heart Rate,,C9orf72 Protein,anthropometry,,,,Physiology (medical),,,,,
,Nucleic Acid,,learning,Model-based inference,,Sex Characteristics,,Drosophila,blood pressure,,,,Arrhythmias,,,,,
,RNA,,parietal lobe,Pupillometry,,Young Adult,,Drug Discovery,Cardiovascular Diseases,,,,Cardiac,,,,,
,small molecule libraries,,problem solving,Task representations,,Bone Density,,Frontotemporal Dementia,child,,,,Biomarkers,,,,,
,molecular medicine,,Transcranial Direct Current Stimulation,brain mapping,,Femur Neck,,G-Quadruplexes,Cardiovascular System,,,,Cardiomyopathies,,,,,
,algorithms,,compulsive behavior,caudate nucleus,,Infant,,Repetitive Sequences,insulin,,,,Cardiovascular Agents,,,,,
,drug repositioning,,Obsessive-Compulsive Disorde,Impulsive Behavior,,walking,,Nucleic Acid,lipids,,,,Electrocardiography,,,,,
,gene expression regulation,,Mesencephalon,Magnetic Resonance Imaging,,absorptiometry,,RNA,sex factors,,,,Evidence-Based Medicine,,,,,
,Gene Expression Profiling,,substantia nigra,Neurological,,photon,,Small Molecule Libraries,Triglycerides,,,,Heart Failure,,,,,
,gene ontology,,bayes theorem,Prefrontal Cortex,,adipose tissue,,Molecular Medicine,Asia,,,,Magnetic Resonance Angiography,,,,,
,Activating Transcription Factor 4,,statistical,Bayes Theorem,,body composition,,drosophila,Southeastern,,,,Medical History Taking,,,,,
,AMP-Activated Protein Kinases,,Risk-Taking,cues,,Insulin-Like Growth Factor I,,,Asian Continental Ancestry Group,,,,Monitoring,,,,,
,Drosophila melanogaster,,biophysics,dopamine,,Insulin-Like Growth Factor II,,,Coronary Disease,,,,Ambulatory,,,,,
,Drosophila Proteins,,Neuroscience (all),theoretical,,Linear Models,,,Coronary Vessels,,,,Patient Care Team,,,,,
,Gastrointestinal Tract,,Neurology (clinical),functional neuroimaging,,muscle,,,Cross-Sectional Studies,,,,Pericarditis,,,,,
,Genetic Engineering,,Psychiatry and Mental Health,interpersonal relations,,skeletal,,,European Continental Ancestry Group,,,,Physical Examination,,,,,
,insulin,,ecology,learning,,great britain,,,Follow-Up Studies,,,,Scleroderma,,,,,
,Insulin-Like Growth Factor I,,evolution,neostriatum,,retrospective studies,,,Medical History Taking,,,,Systemic,,,,,
,Metabolic Networks and Pathways,,Behavior and Systematics,neuronal plasticity,,testosterone,,,Vascular Calcification,,,,Rheumatology,,,,,
,nutrition assessment,,Modeling and Simulation,social identification,,Glycated Hemoglobin A,,,Adiposity,,,,Pharmacology (medical),,,,,
,protein kinases,,Cellular and Molecular Neuroscience,social values,,Hypoglycemic Agents,,,African Continental Ancestry Group,,,,resonance imaging,,,,,
,research,,Computational Theory and Mathematics,cerebral,,Insulin Resistance,,,Cardiovascular Diseases,,,,Confidence Intervals,,,,,
,TOR Serine-Threonine Kinases,,Amyotrophic Lateral Sclerosis,antipsychotic agents,,scotland,,,Cognition,,,,cine,,,,,
,health promotion,,C9orf72 Protein,Case-Control Studies,,biomarkers,,,Cognition Disorders,,,,Cardiology and Cardiovascular Medicine,,,,,
,newborn,,Drosophila,motivation,,C-Reactive Protein,,,Comorbidity,,,,cholesterol,,,,,
,epidermal cells,,Drug Discovery,reward,,Coronary Disease,,,Diabetes Mellitus,,,,Hydroxymethylglutaryl CoA Reductases,,,,,
,epidermis,,Frontotemporal Dementia,Schizophrenia,,E-Selectin,,,sri lanka,,,,Hydroxymethylglutaryl-CoA Reductase Inhibitors,,,,,
,Mechanistic Target of Rapamycin Complex 1,,G-Quadruplexes,Schizophrenic Psychology,,Endothelium,,,west indies,,,,single nucleotide,,,,,
,Mechanistic Target of Rapamycin Complex 2,,Repetitive Sequences,Connectome,,inflammation,,,pakistan,,,,Randomized Controlled Trials as Topic,,,,,
,mice,,Nucleic Acid,Social Values Cortex,,insulin,,,adiponectin,,,,Biomarkers,,,,,
,Inbred C57BL,,RNA,neural pathways,,Interleukin-6,,,C-Reactive Protein,,,,Cohort Studies,,,,,
,Morphogenesis,,Small Molecule Libraries,macaca,,Leptin,,,E-Selectin,,,,Coronary Disease,,,,,
,Eukaryotic Initiation Factor-2,,animals,Decision Making,,Proinsulin,,,inflammation,,,,Lipoprotein(a),,,,,
,multiprotein complexes,,molecular medicine,Dietary Carbohydrates,,Tissue Plasminogen Activator,,,Interleukin-6,,,,survival rate,,,,,
,obesity,,Alzheimer Disease,Dietary Fats,,general practice,,,leptin,,,,gene expression regulation,,,,,
,base sequence,,Cognition,Eating,,Reproducibility of Results,,,von Willebrand Factor,,,,Genetic Predisposition to Disease,,,,,
,cell hypoxia,,health status,Energy Intake,,time factors,,,Adrenarch,,,,Genome-Wide Association Study,,,,,
,cell survival,,healthy aging,Nutritional Status,,geriatic assessment,,,tunica intima,,,,genotype,,,,,
,Drosophila melanogaster,,activities of daily living,Punishment,,obesity,,,analysis of variance,,,,renal insufficiency,,,,,
,HEK293 Cells,,Cholinesterase Inhibitors,social behavior,,Predictive Value of Tests,,,atrial function,,,,Alleles,,,,,
,High-Throughput Nucleotide Sequencing,,Cost-Benefit Analysis,Mesencephalon,,affective symptoms,,,echocardiography,,,,HLA-DQ alpha-Chains,,,,,
,MicroRNAs,,Double-Blind Method,Substantia Nigra,,Alpha-Ketoglutarate-Dependent Dioxygenase FTO,,,Heart Failure,,,,HLA-DRB1 Chains,,,,,
,Photoreceptor Cells,,memantine,80 and over,,comorbidity,,,Image Interpretation,,,,Insulin Resistance,,,,,
,vertebrate,,piperidines,Locus Coeruleus,,back pain,,,Computer-Assisted,,,,Lipoproteins,,,,,
,retinal degeneration,,quality of life,cerebral cortex,,adrenarche,,,Linear Models,,,,longevity,,,,,
,sequence analysis,,wales,Conflict (Psychology),,carotid arteries,,,carotid arteries,,,,lung neoplasms,,,,,
,Cryoelectron Microscopy,,behavioural symptoms,Ventral Tegmental Area,,Hemodynamics,,,Multivariate Analysis,,,,obesity,,,,,
,energy metabolism,,cognition disorders,High dimensional datasets,,Menarche,,,Severity of Illness Index,,,,ABO Blood-Group System,,,,,
,mitochondria,,dementia,High dimensionality,,Tunica Intima,,,carotid artery,,,,DNA Replication,,,,,
,organ specificity,,disease management,Ill posed problem,,spine,,,cognitive dysfunction,,,,Erythrocrytes,,,,,
,tomography,,geriatric assessment,Partial least square (PLS),,blood pressure,,,prognosis,,,,Ethnic Groups,,,,,
,dipeptides,,psychiatric status rating scales,Regularisation,,child,,,Pulsatile Flow,,,,Quantitative Trait Loci,,,,,
,disease models,,Psychomotor Agitation,Sparse PLS,,echocardiology,,,nonparametric,,,,Physics and Astronomy (all),,,,,
,knockout,,Terminology as Topic,Tuning parameter,,heart ventricles,,,common,,,,magnetic resonance imaging,,,,,
,nerve degeneration,,Apolipoprotein E3,Average reward,,overweight,,,clinical protocols,,,,heart,,,,,
,amino acid,,Calcium Channel Blockers,Contextual cue,,adolescent development,,,delirium,,,,Cardiology and Cardiovascular Medicine,,,,,
,parkinson disease,,Cerebrovascular Circulation,fMRI data,,causality,,,Hospitalization,,,,,,,,,
,Ubiquitin-Protein Ligases,,fraility,Inverse correlation,,Confounding Factors (Epidemiology),,,Incidence,,,,,,,,,
,Proo-Oncogene Proteins c-myc,,nifedipine,Neural substrates,,Data Interpretation,,,Inpatients,,,,,,,,,
,physics and astronomy (all),,genetic markers,Option value,,Statistical,,,sedentary lifestyle,,,,,,,,,
,ecology,,Peptide Fragments,Reward-prediction error,,pregnancy,,,myocardium,,,,,,,,,
,Plant Science,,Research Design,Ventral tegmental areas,,areca,,,occupations,,,,,,,,,
,Toxicology and Mutagenesis,,muscle,adaptation,,bayes theorem,,,energy metabolism,,,,,,,,,
,Neuroscience (all),,skeletal,gambling,,Case-Control Studies,,,motor activity,,,,,,,,,
,Immunology and Microbiology (all),,phenotype,Dose-Response Relationship,,Mouth Neoplasms,,,population health,,,,,,,,,
,Genetics,,Reproducibility of Results,Drug,,Body-Weight Trajectory,,,Cardiology and Cardiovascular Medicine,,,,,,,,,
,mitochondria,,skin,Double-Blind Method,,preschool,,,geriatrics and gerontology,,,,,,,,,
,lipids,,Amyloid beta-Peptides,Experimental,,correlation of data,,,Agricultural and Biological Sciences (all),,,,,,,,,
,mutation,,Gait Disorder,statistics,,pediatric obesity,,,Genetics and Molecular Biology (all) ,,,,,,,,,
,neurons,,pilot projects,nonparametric,,pediatrics,,,Basal Ganglia,,,,,,,,,
,Ubiquitin-Protein Ligases,,geriatrics and gerontology,surveys and questionnaires,,infant,,,brain mapping,,,,,,,,,
,Alzheimer Disease,,cell biology,Computational Theory and Mathematics,,newborn,,,impulsive behavior,,,,,,,,,
,Amyloid beta-Peptides,,,Cellular and Molecular Neuroscience,,Follow-Up Studies,,,neural pathways,,,,,,,,,
,chemokines,,,Evolution,,Forced Expiratory Volume,,,rest,,,,,,,,,
,chemotaxis,,,Ecology,,spirometry,,,sleep,,,,,,,,,
,dinoprostone,,,dopamine,,vital capacity,,,biology,,,,,,,,,
,hippocampus,,,risk,,weight gain,,,life-course,,,,,,,,,
,mice,,,ventral tegmental area,,Adult Survivors of Child Adverse Events,,,healthy ageing,,,,,,,,,
,microglia,,,incentive salience,,Adverse Childhood Experiences,,,omics,,,,,,,,,
,transgenic,,,reward,,Affective Symptoms,,,social inequalities,,,,,,,,,
,peptide fragments,,,reward learning,,life history traits,,,socioeconomic status,,,,,,,,,
,plaque,,,Variational inference,,Markov Chains,,,radiology,,,,,,,,,
,amyloid,,,Bayesian inference,,Monte Carlo Method,,,Nuclear Medicine and Imaging,,,,,,,,,
,presynapic terminals,,,salience,,Ethnic Groups,,,Neurology,,,,,,,,,
,receptors,,,visual search,,Exercise,,,Cognitive Neuroscience,,,,,,,,,
,Prostaglandin E,,,epistemic value,,Leisure Activities,,,Neurology (clinical),,,,,,,,,
,EP2 Subtype,,,corpus striatum,,Liver,,,Cellular and Molecular Neuroscience,,,,,,,,,
,Transcriptome,,,,,Mice,,,ecology,,,,,,,,,
,Drosophila,,,,,lipids,,,evolution,,,,,,,,,
,Medicine (all),,,,,Lipogenesis,,,behavior and systematics,,,,,,,,,
,,,,,,Inbred C57BL,,,molecular biology,,,,,,,,,
,,,,,,Fatty Liver,,,cancer research,,,,,,,,,
,,,,,,Magnetic Resonance Spectroscopy,,,Genetics (clinical),,,,,,,,,
,,,,,,Metabolomics,,,Activities of Daily Living,,,,,,,,,
,,,,,,carbohydrates,,,cognition,,,,,,,,,
,,,,,,diet,,,Epidemiologic Studies,,,,,,,,,
,,,,,,dementia,,,Health Status,,,,,,,,,
,,,,,,child development,,,healthy aging,,,,,,,,,
,,,,,,Anthropometry,,,Mental Health,,,,,,,,,
,,,,,,disease susceptibility,,,Mental Status and Dementia Tests,,,,,,,,,
,,,,,,psychomotor performance,,,Self Report,,,,,,,,,
,,,,,,reading,,,gerontology,,,,,,,,,
,,,,,,social conditions,,,social psychology,,,,,,,,,
,,,,,,blood glucose,,,Health (social science),,,,,,,,,
,,,,,,menopause,,,Arts and Humanities (miscellaneous),,,,,,,,,
,,,,,,puberty,,,Mental Status and Dementia,,,,,,,,,
,,,,,,genotype,,,,,,,,,,,,
,,,,,,Genetic Predisposition to Disease,,,,,,,,,,,,
,,,,,,Oncology,,,,,,,,,,,,
,,,,,,cancer research ,,,,,,,,,,,,
,,,,,,pediatrics,,,,,,,,,,,,
,,,,,,Perinatology and Child Health,,,,,,,,,,,,
,,,,,,Medicine (miscellaneous),,,,,,,,,,,,
,,,,,,diabetes and metabolism,,,,,,,,,,,,
,,,,,,Endocrinology,,,,,,,,,,,,
,,,,,,Diabetes and Metabolism,,,,,,,,,,,,
,,,,,,Nutrition and Dietetics,,,,,,,,,,,,
,,,,,,Cardiology and Cardiovascular Medicine,,,,,,,,,,,,
,,,,,,Psychiatry and Mental Health,,,,,,,,,,,,
,,,,,,Cellular and Molecular Neuroscience,,,,,,,,,,,,
,,,,,,Biological Psychiatry,,,,,,,,,,,,
,,,,,,Pulmonary and Respiratory Medicine,,,,,,,,,,,,
,,,,,,Health (social science),,,,,,,,,,,,
,,,,,,Sociology and Political Science,,,,,,,,,,,,
,,,,,,Life-span and Life-course Studies,,,,,,,,,,,,
,,,,,,Statistics and Probability,,,,,,,,,,,,
,,,,,,Health Information Management,,,,,,,,,,,,
,,,,,,Physical Therapy,,,,,,,,,,,,
,,,,,,Sports Therapy and Rehabilitation,,,,,,,,,,,,
,,,,,,Nutrition and Dietetics,,,,,,,,,,,,
,,,,,,tooth loss,,,,,,,,,,,,
,,,,,,israel,,,,,,,,,,,,
,,,,,,child,,,,,,,,,,,,
,,,,,,Dentistry (all),,,,,,,,,,,,
,,,,,,Consanguinity,,,,,,,,,,,,
,,,,,,DNA Mutational Analysis,,,,,,,,,,,,
,,,,,,Drug Prescriptions,,,,,,,,,,,,
,,,,,,Exome,,,,,,,,,,,,
,,,,,,fertility,,,,,,,,,,,,
,,,,,,gene knockout techniques,,,,,,,,,,,,
,,,,,,genetic loci,,,,,,,,,,,,
,,,,,,genome,,,,,,,,,,,,
,,,,,,Histone-Lysine N-Methyltransferase,,,,,,,,,,,,
,,,,,,Homologous Recombination,,,,,,,,,,,,
,,,,,,Homozygote,,,,,,,,,,,,
,,,,,,phenotype,,,,,,,,,,,,
,,,,,,pakistan,,,,,,,,,,,,
,,,,,,executive function,,,,,,,,,,,,
,,,,,,reaction time,,,,,,,,,,,,
,,,,,,reactive inhibition,,,,,,,,,,,,
,,,,,,smartphone,,,,,,,,,,,,
,,,,,,video games,,,,,,,,,,,,
,,,,,,biochemistry,,,,,,,,,,,,
,,,,,,Biology (all),,,,,,,,,,,,
,,,,,,Agricultural and Biological Sciences (all),,,,,,,,,,,,